Category;Name;Price;ImageUrl
Dry Fruits and Nuts;Organic Shop Gurr Per KG;Rs. 325;https://cdn.metro-online.pk/dashboard/prod-pic/LHE-01262/12631280-0-S.jpg?
Dry Fruits and Nuts;Dates Rubai 1 KG;Rs. 749;https://cdn.metro-online.pk/dashboard/prod-pic/LHE-01262/12628474-0-S.jpg?
Dry Fruits and Nuts;Karbalain Dates 500GM;Rs. 69;https://cdn.metro-online.pk/dashboard/prod-pic/LHE-01262/12632281-0-S.jpg?
Dry Fruits and Nuts;Raisins Irani 250GM;Rs. 199;https://cdn.metro-online.pk/dashboard/prod-pic/LHE-01262/12623468-0-S.jpg?5
Dry Fruits and Nuts;Fig(Injeer) Per 250GM;Rs. 750;https://cdn.metro-online.pk/dashboard/prod-pic/LHE-01262/12621000-0-S.jpg?5
Dry Fruits and Nuts;Coconut Cup Per 250GM;Rs. 213;https://cdn.metro-online.pk/dashboard/prod-pic/LHE-01262/12620850-0-S.jpg?5
Dry Fruits and Nuts;Walnuts Per 250GM;Rs. 675;https://cdn.metro-online.pk/dashboard/prod-pic/LHE-01262/12620558-0-S.jpg?5
Dry Fruits and Nuts;Mix Nuts 250GM;Rs. 599;https://cdn.metro-online.pk/dashboard/prod-pic/LHE-01262/12623928-0-S.jpg?5
Dry Fruits and Nuts;Raisin Crystal (Irani) Per 250GM;Rs. 225;https://cdn.metro-online.pk/dashboard/prod-pic/LHE-01262/12620355-0-S.jpg?5
Dry Fruits and Nuts;Dates Mazafatti 1 KG;Rs. 649;https://cdn.metro-online.pk/dashboard/prod-pic/LHE-01262/12628479-0-S.jpg?
Dry Fruits and Nuts;Roasted Cashew Per 250GM;Rs. 986;https://cdn.metro-online.pk/dashboard/prod-pic/LHE-01262/12621488-0-S.jpg?5
Dry Fruits and Nuts;Sundarkhani Raisin 250GM;Rs. 209;https://cdn.metro-online.pk/dashboard/prod-pic/LHE-01262/12625032-0-S.jpg?5
Dry Fruits and Nuts;Salted Almonds Per 250GM;Rs. 936;https://cdn.metro-online.pk/dashboard/prod-pic/LHE-01262/12625019-0-S.jpg?5
Dry Fruits and Nuts;Special Full Size Fig;Rs. 775;https://cdn.metro-online.pk/dashboard/prod-pic/LHE-01262/12625044-0-S.jpg?5
Dry Fruits and Nuts;Munaka Per 250GM;Rs. 340;https://cdn.metro-online.pk/dashboard/prod-pic/LHE-01262/12625052-0-S.jpg?5
Dry Fruits and Nuts;Kharadini Giri Almond Per 250GM;Rs. 1,200;https://cdn.metro-online.pk/dashboard/prod-pic/LHE-01262/12625035-0-S.jpg?5
Dry Fruits and Nuts;Apricot Without Seed 500GM;Rs. 455;https://cdn.metro-online.pk/dashboard/prod-pic/LHE-01262/12623931-0-S.jpg?5
Dry Fruits and Nuts;Apricot With Seed Per 250GM;Rs. 425;https://cdn.metro-online.pk/dashboard/prod-pic/LHE-01262/12623264-0-S.jpg?5
Dry Fruits and Nuts;Coconut Powder Per 250GM;Rs. 190;https://cdn.metro-online.pk/dashboard/prod-pic/LHE-01262/12623015-0-S.jpg?5
Dry Fruits and Nuts;Roasted Special Mix Nuts Per 250GM;Rs. 650;https://cdn.metro-online.pk/dashboard/prod-pic/LHE-01262/12625038-0-S.jpg?5
Dry Fruits and Nuts;Pistachio Without Shell Per 250GM;Rs. 1,450;https://cdn.metro-online.pk/dashboard/prod-pic/LHE-01262/12620912-0-S.jpg?5
Dry Fruits and Nuts;Pistachio With Shell Per 250GM;Rs. 834;https://cdn.metro-online.pk/dashboard/prod-pic/LHE-01262/12621652-0-S.jpg?5
Dry Fruits and Nuts;Almond Slice Per 250GM;Rs. 800;https://cdn.metro-online.pk/dashboard/prod-pic/LHE-01262/12625012-0-S.jpg?5
Dry Fruits and Nuts;Walnut Kernel 500 GM;Rs. 1,099;https://cdn.metro-online.pk/dashboard/prod-pic/LHE-01262/12625441-0-S.jpg?5
Dry Fruits and Nuts;Apricot kernel 250 GM;Rs. 380;https://cdn.metro-online.pk/dashboard/prod-pic/LHE-01262/12625454-0-S.jpg?5
Dry Fruits and Nuts;Pistachio Slice Per 250GM;Rs. 1,400;https://cdn.metro-online.pk/dashboard/prod-pic/LHE-01262/12625011-0-S.jpg?5
Dry Fruits and Nuts;Pistachio Without Shell Per 250GM;Rs. 849;https://cdn.metro-online.pk/dashboard/prod-pic/LHE-01262/12625030-0-S.jpg?5
Dry Fruits and Nuts;Small Rewari Per 250GM;Rs. 163;https://cdn.metro-online.pk/dashboard/prod-pic/LHE-01262/12623262-0-S.jpg?5
Dry Fruits and Nuts;Pine Nut Per 250GM;Rs. 3,500;https://cdn.metro-online.pk/dashboard/prod-pic/LHE-01262/12622101-0-S.jpg?5
Dry Fruits and Nuts;Chawara Dried Dates Per 250GM;Rs. 113;https://cdn.metro-online.pk/dashboard/prod-pic/LHE-01262/12620848-0-S.jpg?5
Fresh Fruits;Mango (Langra) Per 500GM;Rs. 50;https://cdn.metro-online.pk/dashboard/prod-pic/LHE-01262/12620699-0-S.jpg?5
Fresh Fruits;Mango (Dusehri) Per 500GM;Rs. 65;https://cdn.metro-online.pk/dashboard/prod-pic/LHE-01262/12620223-0-S.jpg?5
Fresh Fruits;Mango Sindhari Per 500GM;Rs. 80;https://cdn.metro-online.pk/dashboard/prod-pic/LHE-01262/12620158-0-S.jpg?5
Fresh Fruits;Mango Chaunsa Per 500GM;Rs. 70;https://cdn.metro-online.pk/dashboard/prod-pic/LHE-01262/12620034-0-S.jpg?5
Fresh Fruits;Mango Anwar Ratol Per 500GM;Rs. 75;https://cdn.metro-online.pk/dashboard/prod-pic/LHE-01262/12620268-0-S.jpg?5
Fresh Fruits;Papaya Per 500GM;Rs. 100;https://cdn.metro-online.pk/dashboard/prod-pic/LHE-01262/12620494-0-S.jpg?5
Fresh Fruits;Bananas Per Dozen;Rs. 130;https://cdn.metro-online.pk/dashboard/prod-pic/LHE-01262/12620011-0-S.jpg?5
Fresh Fruits;Cheeku Per 500GM;Rs. 100;https://cdn.metro-online.pk/dashboard/prod-pic/LHE-01262/12620881-0-S.jpg?5
Fresh Fruits;Plum Sweet Per 250GM;Rs. 220;https://cdn.metro-online.pk/dashboard/prod-pic/LHE-01262/12620451-0-S.jpg?5
Fresh Fruits;Watermelon Chinese Per KG;Rs. 45;https://cdn.metro-online.pk/dashboard/prod-pic/LHE-01262/12623624-0-S.jpg?5
Fresh Fruits;Jaman Per 500GM;Rs. 125;https://cdn.metro-online.pk/dashboard/prod-pic/LHE-01262/12621205-0-S.jpg?5
Fresh Fruits;Litchi Per 500GM;Rs. 160;https://cdn.metro-online.pk/dashboard/prod-pic/LHE-01262/12620213-0-S.jpg?5
Fresh Fruits;Peaches Premium Per 500GM;Rs. 85;https://cdn.metro-online.pk/dashboard/prod-pic/LHE-01262/12620027-0-S.jpg?5
Fresh Fruits;Green Watermelon Per 3kg;Rs. 135;https://cdn.metro-online.pk/dashboard/prod-pic/LHE-01262/12621654-0-S.jpg?5
Fresh Vegetables;Green Cabbage Per 500GM;Rs. 25;https://cdn.metro-online.pk/dashboard/prod-pic/LHE-01262/12620076-0-S.jpg?5
Fresh Vegetables;Spinach Per 500GM;Rs. 25;https://cdn.metro-online.pk/dashboard/prod-pic/LHE-01262/12620266-0-S.jpg?5
Fresh Vegetables;Coriander Per 250GM;Rs. 50;https://cdn.metro-online.pk/dashboard/prod-pic/LHE-01262/12620026-0-S.jpg?5
Fresh Vegetables;Round Aubergines (Baingan) Per 500GM;Rs. 45;https://cdn.metro-online.pk/dashboard/prod-pic/LHE-01262/12620307-0-S.jpg?5
Fresh Vegetables;Bottle Gourd Round Per kG;Rs. 89;https://cdn.metro-online.pk/dashboard/prod-pic/LHE-01262/12623295-0-S.jpg?5
Fresh Vegetables;Organic Shop Ginger Desi Per 500GM;Rs. 375;https://cdn.metro-online.pk/dashboard/prod-pic/LHE-01262/12631277-0-S.jpg?
Fresh Vegetables;Ginger Per 500GM;Rs. 148;https://cdn.metro-online.pk/dashboard/prod-pic/LHE-01262/12620146-0-S.jpg?5
Fresh Vegetables;China Garlic Per 500GM;Rs. 125;https://cdn.metro-online.pk/dashboard/prod-pic/LHE-01262/12620172-0-S.jpg?5
Fresh Vegetables;Mint Leaves Per 250GM;Rs. 29;https://cdn.metro-online.pk/dashboard/prod-pic/LHE-01262/12620054-0-S.jpg?5
Fresh Vegetables;Organic Shop Onion Per KG;Rs. 250;https://cdn.metro-online.pk/dashboard/prod-pic/LHE-01262/12631258-0-S.jpg?
Fresh Vegetables;Iceberg Lettuce Per 500GM;Rs. 100;https://cdn.metro-online.pk/dashboard/prod-pic/LHE-01262/12620191-0-S.jpg?5
Fresh Vegetables;Organic Shop Garlic Desi Per 500GM;Rs. 375;https://cdn.metro-online.pk/dashboard/prod-pic/LHE-01262/12631278-0-S.jpg?
Fresh Vegetables;Beet Root Per 500GM;Rs. 35;https://cdn.metro-online.pk/dashboard/prod-pic/LHE-01262/12620485-0-S.jpg?5
Fresh Vegetables;Sweet Potato Per 500GM;Rs. 40;https://cdn.metro-online.pk/dashboard/prod-pic/LHE-01262/12620510-0-S.jpg?5
Fresh Vegetables;Tinda Per 500GM;Rs. 50;https://cdn.metro-online.pk/dashboard/prod-pic/LHE-01262/12620310-0-S.jpg?5
Fresh Vegetables;Organic Shop Cauliflower Per KG;Rs. 250;https://cdn.metro-online.pk/dashboard/prod-pic/LHE-01262/12631273-0-S.jpg?
Fresh Vegetables;Organic Shop Tomatoes Per KG;Rs. 250;https://cdn.metro-online.pk/dashboard/prod-pic/LHE-01262/12631267-0-S.jpg?
Fresh Vegetables;Garlic Cleaned Per 500GM;Rs. 115;https://cdn.metro-online.pk/dashboard/prod-pic/LHE-01262/12620598-0-S.jpg?5
Fresh Vegetables;Organic Shop Potato;Rs. 200;https://cdn.metro-online.pk/dashboard/prod-pic/LHE-01262/12631279-0-S.jpg?
Fresh Vegetables;French Beans Per 500GM;Rs. 100;https://cdn.metro-online.pk/dashboard/prod-pic/LHE-01262/12620998-0-S.jpg?5
Fresh Vegetables;Maro Kadoo Per 500GM;Rs. 40;https://cdn.metro-online.pk/dashboard/prod-pic/LHE-01262/12620610-0-S.jpg?5
Fresh Vegetables;Red Onions Per 500GM;Rs. 25;https://cdn.metro-online.pk/dashboard/prod-pic/LHE-01262/12620127-0-S.jpg?5
Fresh Vegetables;Pumpkin Halwa Kadoo Per 500GM;Rs. 20;https://cdn.metro-online.pk/dashboard/prod-pic/LHE-01262/12620915-0-S.jpg?5
Fresh Vegetables;Tomatoes Per 500GM;Rs. 43;https://cdn.metro-online.pk/dashboard/prod-pic/LHE-01262/12620008-0-S.jpg?5
Fresh Vegetables;Cucumber Per 500GM;Rs. 35;https://cdn.metro-online.pk/dashboard/prod-pic/LHE-01262/12620049-0-S.jpg?5
Fresh Vegetables;Green Capsicum Per 500GM;Rs. 45;https://cdn.metro-online.pk/dashboard/prod-pic/LHE-01262/12620078-0-S.jpg?5
Fresh Vegetables;Peas Per 500GM;Rs. 125;https://cdn.metro-online.pk/dashboard/prod-pic/LHE-01262/12620243-0-S.jpg?5
Fresh Vegetables;Green Chilli Farmi Per 500GM;Rs. 50;https://cdn.metro-online.pk/dashboard/prod-pic/LHE-01262/12620060-0-S.jpg?5
Fresh Vegetables;Potatoes Per 500GM;Rs. 26;https://cdn.metro-online.pk/dashboard/prod-pic/LHE-01262/12620121-0-S.jpg?5
Fresh Vegetables;Green Chilli Per 500GM;Rs. 50;https://cdn.metro-online.pk/dashboard/prod-pic/LHE-01262/12620354-0-S.jpg?5
Fresh Vegetables;Orange Carrot Per 500GM;Rs. 35;https://cdn.metro-online.pk/dashboard/prod-pic/LHE-01262/12620262-0-S.jpg?5
Fresh Vegetables;Lemon Per 500GM;Rs. 90;https://cdn.metro-online.pk/dashboard/prod-pic/LHE-01262/12620035-0-S.jpg?5
Fresh Vegetables;Green Lettuce Salad Patta Per 500GM;Rs. 90;https://cdn.metro-online.pk/dashboard/prod-pic/LHE-01262/12620496-0-S.jpg?5
Fresh Vegetables;Arvi Per 500GM;Rs. 60;https://cdn.metro-online.pk/dashboard/prod-pic/LHE-01262/12620316-0-S.jpg?5
Fresh Vegetables;Okra (Bhindi) Per 500GM;Rs. 60;https://cdn.metro-online.pk/dashboard/prod-pic/LHE-01262/12620219-0-S.jpg?21
Fresh Vegetables;Bittergourd (Karela) Per 500GM;Rs. 40;https://cdn.metro-online.pk/dashboard/prod-pic/LHE-01262/12620190-0-S.jpg?5
Beef;Beef Mince per 500GM;Rs. 295;https://cdn.metro-online.pk/dashboard/prod-pic/LHE-01262/12620019-0-S.jpg?5
Beef;Veal Mince Per 500GM;Rs. 325;https://cdn.metro-online.pk/dashboard/prod-pic/LHE-01262/12620071-0-S.jpg?5
Beef;Beef Boti Boneless Per 500GM;Rs. 313;https://cdn.metro-online.pk/dashboard/prod-pic/LHE-01262/12622561-0-S.jpg?5
Beef;Veal Boti (Boneless) Per 500GM;Rs. 416;https://cdn.metro-online.pk/dashboard/prod-pic/LHE-01262/12620504-0-S.jpg?5
Beef;Veal Pulao Cut Per 500GM;Rs. 305;https://cdn.metro-online.pk/dashboard/prod-pic/LHE-01262/12621894-0-S.jpg?5
Beef;Veal Loaf (boneless) Per 500GM;Rs. 350;https://cdn.metro-online.pk/dashboard/prod-pic/LHE-01262/12620128-0-S.jpg?5
Beef;Beef With Bone Per 500GM;Rs. 225;https://cdn.metro-online.pk/dashboard/prod-pic/LHE-01262/12620503-0-S.jpg?5
Beef;Veal Fillet Per 500GM;Rs. 450;https://cdn.metro-online.pk/dashboard/prod-pic/LHE-01262/12624325-0-S.jpg?7
Beef;Beef Fillet Per 2000GM;Rs. 1,698;https://cdn.metro-online.pk/dashboard/prod-pic/LHE-01262/12622458-0-S.jpg?5
Beef;Top Sirlion Steak Per 500GM;Rs. 338;https://cdn.metro-online.pk/dashboard/prod-pic/LHE-01262/12624983-0-S.jpg?5
Beef;Ribeye Steak Boneless Per 500GM;Rs. 338;https://cdn.metro-online.pk/dashboard/prod-pic/LHE-01262/12624991-0-S.jpg?5
Beef;Veal Back Chop Per 500GM;Rs. 305;https://cdn.metro-online.pk/dashboard/prod-pic/LHE-01262/12623057-0-S.jpg?5
Beef;Strip Steak Boneless Per 500GM;Rs. 300;https://cdn.metro-online.pk/dashboard/prod-pic/LHE-01262/12624987-0-S.jpg?5
Beef;Denver Steak Per 500GM;Rs. 338;https://cdn.metro-online.pk/dashboard/prod-pic/LHE-01262/12624994-0-S.jpg?5
Beef;Top Round Steak Per 500GM;Rs. 338;https://cdn.metro-online.pk/dashboard/prod-pic/LHE-01262/12624985-0-S.jpg?5
Beef;Ribeye Steak Bone Per 500GM;Rs. 305;https://cdn.metro-online.pk/dashboard/prod-pic/LHE-01262/12624989-0-S.jpg?5
Beef;Chuck Eye Steak Per 500GM;Rs. 300;https://cdn.metro-online.pk/dashboard/prod-pic/LHE-01262/12624993-0-S.jpg?5
Beef;Back Ribs Per 500GM;Rs. 300;https://cdn.metro-online.pk/dashboard/prod-pic/LHE-01262/12624990-0-S.jpg?5
Beef;Sirlion Steak Per 500GM;Rs. 300;https://cdn.metro-online.pk/dashboard/prod-pic/LHE-01262/12624984-0-S.jpg?5
Beef;Beef Loaf Boneless per 500GM;Rs. 357;https://cdn.metro-online.pk/dashboard/prod-pic/LHE-01262/12620074-0-S.jpg?5
Mutton;Mutton Biryani Cut Per 500GM;Rs. 375;https://cdn.metro-online.pk/dashboard/prod-pic/LHE-01262/12620238-0-S.jpg?5
Mutton;Mutton Mince Per 500GM;Rs. 627;https://cdn.metro-online.pk/dashboard/prod-pic/LHE-01262/12620063-0-S.jpg?5
Mutton;Mutton Karahi Cut (Leg Boti) Per 500GM;Rs. 700;https://cdn.metro-online.pk/dashboard/prod-pic/LHE-01262/12620122-0-S.jpg?5
Mutton;Mutton Leg Raan Per 500GM;Rs. 675;https://cdn.metro-online.pk/dashboard/prod-pic/LHE-01262/12620358-0-S.jpg?5
Mutton;Mutton Qorma Cut Per 500GM;Rs. 600;https://cdn.metro-online.pk/dashboard/prod-pic/LHE-01262/12620350-0-S.jpg?5
Mutton;Mutton Front Chops (Champ) Per 500GM;Rs. 600;https://cdn.metro-online.pk/dashboard/prod-pic/LHE-01262/12620323-0-S.jpg?5
Mutton;Mutton Back Chop Boti Per 500GM;Rs. 700;https://cdn.metro-online.pk/dashboard/prod-pic/LHE-01262/12620242-0-S.jpg?5
Mutton;Mutton Shoulder (Dasti) Per KG;Rs. 1,299;https://cdn.metro-online.pk/dashboard/prod-pic/LHE-01262/12620360-0-S.jpg?5
Mutton;Goat Brain 3 PCS Pack;Rs. 429;https://cdn.metro-online.pk/dashboard/prod-pic/LHE-01262/12621770-0-S.jpg?5
Mutton;Mutton Shoulder Boti Per 500GM;Rs. 700;https://cdn.metro-online.pk/dashboard/prod-pic/LHE-01262/12620183-0-S.jpg?5
Mutton;Goat Kidney Per 500GM;Rs. 450;https://cdn.metro-online.pk/dashboard/prod-pic/LHE-01262/12622178-0-S.jpg?5
Mutton;Mutton Mix Per 500 GM;Rs. 540;https://cdn.metro-online.pk/dashboard/prod-pic/LHE-01262/12621010-0-S.jpg?5
Mutton;Mutton Back Chop( Puth) Per 500GM;Rs. 675;https://cdn.metro-online.pk/dashboard/prod-pic/LHE-01262/12621149-0-S.jpg?5
Mutton;Carcass Mutton Whole Per 500GM;Rs. 585;https://cdn.metro-online.pk/dashboard/prod-pic/LHE-01262/12621101-0-S.jpg?5
Chicken;Chicken Karahi Cut Per 500GM;Rs. 186;https://cdn.metro-online.pk/dashboard/prod-pic/LHE-01262/12624563-0-S.jpg?7
Chicken;Chicken Qorma Cut Per 500GM;Rs. 186;https://cdn.metro-online.pk/dashboard/prod-pic/LHE-01262/12623285-0-S.jpg?5
Chicken;Chicken Without Neck Per 500GM;Rs. 178;https://cdn.metro-online.pk/dashboard/prod-pic/LHE-01262/12620024-0-S.jpg?5
Chicken;Chicken Biryani Cut Per 500GM;Rs. 186;https://cdn.metro-online.pk/dashboard/prod-pic/LHE-01262/12623296-0-S.jpg?5
Chicken;Chicken Mince Per 500GM;Rs. 304;https://cdn.metro-online.pk/dashboard/prod-pic/LHE-01262/12620195-0-S.jpg?5
Chicken;Chicken Leg Tikka Per 500GM;Rs. 186;https://cdn.metro-online.pk/dashboard/prod-pic/LHE-01262/12624575-0-S.jpg?5
Chicken;Chicken DrumSticks Per 500GM;Rs. 186;https://cdn.metro-online.pk/dashboard/prod-pic/LHE-01262/12621911-0-S.jpg?5
Chicken;Organic Shop Free Range Desi Chicken (Avg 1.25Kg/Bird);Rs. 799;https://cdn.metro-online.pk/dashboard/prod-pic/LHE-01262/12631255-0-S.jpg?
Chicken;Organic Shop Chicken Keema +Stock - Tray;Rs. 799;https://cdn.metro-online.pk/dashboard/prod-pic/LHE-01262/12631254-0-S.jpg?
Chicken;Organic Shop Chicken Breast Pieces(Grams) Per KG;Rs. 2,500;https://cdn.metro-online.pk/dashboard/prod-pic/LHE-01262/12631252-0-S.jpg?
Chicken;Chicken Breast Tikka Per 500GM;Rs. 186;https://cdn.metro-online.pk/dashboard/prod-pic/LHE-01262/12624574-0-S.jpg?6
Chicken;Chicken Wings Without Skin Per 500GM;Rs. 143;https://cdn.metro-online.pk/dashboard/prod-pic/LHE-01262/12621659-0-S.jpg?5
Chicken;WHOLE CHICKEN WITH SKIN (per KG);Rs. 342;https://cdn.metro-online.pk/dashboard/prod-pic/LHE-01262/12621899-0-S.jpg?5
Chicken;Chicken Neck Per 500GM;Rs. 38;https://cdn.metro-online.pk/dashboard/prod-pic/LHE-01262/12620182-0-S.jpg?5
Chicken;Chicken Boneless Handi Cut (Cubes) Per 500GM;Rs. 304;https://cdn.metro-online.pk/dashboard/prod-pic/LHE-01262/12626015-0-S.jpg?3
Chicken;Chicken Breast Boneless Per 500GM;Rs. 304;https://cdn.metro-online.pk/dashboard/prod-pic/LHE-01262/12622876-0-S.jpg?5
Chicken;Whole Chicken W/O Giblets Per 500GM;Rs. 178;https://cdn.metro-online.pk/dashboard/prod-pic/LHE-01262/12620002-0-S.jpg?5
Kebab and Koftas;Simply Sufi Badami Kofta 810 GM;Rs. 670;https://cdn.metro-online.pk/dashboard/prod-pic/LHE-01262/12628274-0-S.jpg?
Kebab and Koftas;Chicken Burger Patty 750 GM;Rs. 319;https://cdn.metro-online.pk/dashboard/prod-pic/LHE-01262/12632346-0-S.jpg?4
Kebab and Koftas;Sufi Potato Cutlets 500 GM;Rs. 445;https://cdn.metro-online.pk/dashboard/prod-pic/LHE-01262/12628282-0-S.jpg?
Kebab and Koftas;Menu Seekh Kebab 540GM;Rs. 638;https://cdn.metro-online.pk/dashboard/prod-pic/LHE-01262/12623646-0-S.jpg?5
Kebab and Koftas;Simply Sufi Shami Kabab 632 GM;Rs. 606;https://cdn.metro-online.pk/dashboard/prod-pic/LHE-01262/12628285-0-S.jpg?8
Kebab and Koftas;Simply Sufi Gola Kabab 515 GM;Rs. 635;https://cdn.metro-online.pk/dashboard/prod-pic/LHE-01262/12628281-0-S.jpg?
Kebab and Koftas;Simply Sufi Reshmi Tikka 515 GM;Rs. 655;https://cdn.metro-online.pk/dashboard/prod-pic/LHE-01262/12628284-0-S.jpg?
Kebab and Koftas;Simply Sufi Seekh Kabab 540 GM;Rs. 635;https://cdn.metro-online.pk/dashboard/prod-pic/LHE-01262/12628303-0-S.jpg?
Kebab and Koftas;Metro Chef Chicken Seekh Kebab;Rs. 370;https://cdn.metro-online.pk/dashboard/prod-pic/LHE-01262/12631519-0-S.jpg?
Kebab and Koftas;Fine Life Gola Kabab 296 GM;Rs. 459;https://cdn.metro-online.pk/dashboard/prod-pic/LHE-01262/12623616-0-S.jpg?5
Kebab and Koftas;K&Ns Shami Kabab Economy Pack 612 Gm;Rs. 606;https://cdn.metro-online.pk/dashboard/prod-pic/LHE-01262/12623677-0-S.jpg?5
Kebab and Koftas;K & N's Chapli Kebab Economy 888GM;Rs. 696;https://cdn.metro-online.pk/dashboard/prod-pic/LHE-01262/12623686-0-S.jpg?5
Kebab and Koftas;K & N's Seekh Kabab 540GM;Rs. 635;https://cdn.metro-online.pk/dashboard/prod-pic/LHE-01262/12623689-0-S.jpg?5
Kebab and Koftas;K&N Shami Kabab 252 GM;Rs. 250;https://cdn.metro-online.pk/dashboard/prod-pic/LHE-01262/12628353-0-S.jpg?
Kebab and Koftas;Mon Salwa Seekh Kabab 540 GM;Rs. 377;https://cdn.metro-online.pk/dashboard/prod-pic/LHE-01262/12628504-0-S.jpg?
Kebab and Koftas;K&N’s Mughlai Tikka 515 GM;Rs. 655;https://cdn.metro-online.pk/dashboard/prod-pic/LHE-01262/12623676-0-S.jpg?5
Kebab and Koftas;K & N's Kofta Home Style 340GM;Rs. 311;https://cdn.metro-online.pk/dashboard/prod-pic/LHE-01262/12624395-0-S.jpg?5
Kebab and Koftas;K&N's Kafta Kabab 515GM;Rs. 635;https://cdn.metro-online.pk/dashboard/prod-pic/LHE-01262/12623678-0-S.jpg?5
Kebab and Koftas;K &Ns Seekh Kabab Family Pack 1080 GM;Rs. 1,200;https://cdn.metro-online.pk/dashboard/prod-pic/LHE-01262/12623667-0-S.jpg?5
Kebab and Koftas;Dawn PP Chicken Chapli Kabab 962GM;Rs. 588;https://cdn.metro-online.pk/dashboard/prod-pic/LHE-01262/12624869-0-S.jpg?5
Kebab and Koftas;Dawn Chicken Seekh Kebab 18PCS;Rs. 635;https://cdn.metro-online.pk/dashboard/prod-pic/LHE-01262/12624538-0-S.jpg?5
Kebab and Koftas;Dawn Seekh Kabab PP 540 GM;Rs. 436;https://cdn.metro-online.pk/dashboard/prod-pic/LHE-01262/12628491-0-S.jpg?
Kebab and Koftas;Sabroso Seekh Kabab 540 GM;Rs. 630;https://cdn.metro-online.pk/dashboard/prod-pic/LHE-01262/12626397-0-S.jpg?7
Kebab and Koftas;K & Ns Shami Kabab Family Pack 1296 GM;Rs. 1,190;https://cdn.metro-online.pk/dashboard/prod-pic/LHE-01262/12623666-0-S.jpg?5
Kebab and Koftas;Sabroso Kofta 1000 GM;Rs. 606;https://cdn.metro-online.pk/dashboard/prod-pic/LHE-01262/12626379-0-S.jpg?4
Kebab and Koftas;Chicken Seekh Kebab 12PCS;Rs. 421;https://cdn.metro-online.pk/dashboard/prod-pic/LHE-01262/12623636-0-S.jpg?5
Kebab and Koftas;Dawn Chicken Shami Kebab 16PCS Economy;Rs. 540;https://cdn.metro-online.pk/dashboard/prod-pic/LHE-01262/12624594-0-S.jpg?5
Kebab and Koftas;K & Ns Kofta Home Style 850 GM;Rs. 706;https://cdn.metro-online.pk/dashboard/prod-pic/LHE-01262/12623669-0-S.jpg?5
Kebab and Koftas;PK Beef Shami Kebab 612GM;Rs. 640;https://cdn.metro-online.pk/dashboard/prod-pic/LHE-01262/12624895-0-S.jpg?5
Kebab and Koftas;Menu Tikka Bites 500GM;Rs. 513;https://cdn.metro-online.pk/dashboard/prod-pic/LHE-01262/12623645-0-S.jpg?5
Kebab and Koftas;Menu Chicken Shami Kebab 700GM;Rs. 638;https://cdn.metro-online.pk/dashboard/prod-pic/LHE-01262/12623653-0-S.jpg?5
Kebab and Koftas;K & N's Kofta Home Stye 1500GM;Rs. 1,236;https://cdn.metro-online.pk/dashboard/prod-pic/LHE-01262/12624949-0-S.jpg?5
Kebab and Koftas;Dawn Chicken Kofta Economy Pack 700GM;Rs. 586;https://cdn.metro-online.pk/dashboard/prod-pic/LHE-01262/12624544-0-S.jpg?7
Kebab and Koftas;Menu Chapli Kebab Economy;Rs. 697;https://cdn.metro-online.pk/dashboard/prod-pic/LHE-01262/12623644-0-S.jpg?5
Kebab and Koftas;Menu Kofta PolyPack 900GM;Rs. 426;https://cdn.metro-online.pk/dashboard/prod-pic/LHE-01262/12624842-0-S.jpg?5
Kebab and Koftas;PK Crispy Chicken Burger 900GM;Rs. 615;https://cdn.metro-online.pk/dashboard/prod-pic/LHE-01262/12624586-0-S.jpg?5
Kebab and Koftas;Menu Chicken Kofta 1000GM;Rs. 767;https://cdn.metro-online.pk/dashboard/prod-pic/LHE-01262/12623647-0-S.jpg?5
Kebab and Koftas;Simply Sufi Chapli Kabab 888 GM;Rs. 701;https://cdn.metro-online.pk/dashboard/prod-pic/LHE-01262/12628276-0-S.jpg?
Kebab and Koftas;PK Mutton Meat Balls 500GM;Rs. 561;https://cdn.metro-online.pk/dashboard/prod-pic/LHE-01262/12624582-0-S.jpg?67
Kebab and Koftas;Beef Gola Kebab 515GM;Rs. 655;https://cdn.metro-online.pk/dashboard/prod-pic/LHE-01262/12624896-0-S.jpg?5
Kebab and Koftas;PK Beef Gola Kebab Roll 12PCS;Rs. 436;https://cdn.metro-online.pk/dashboard/prod-pic/LHE-01262/12624398-0-S.jpg?5
Kebab and Koftas;Metro Chef Chicken Chapli Kebab;Rs. 470;https://cdn.metro-online.pk/dashboard/prod-pic/LHE-01262/12631517-0-S.jpg?
Kebab and Koftas;Sabroso Crispy Popper 750 GM;Rs. 670;https://cdn.metro-online.pk/dashboard/prod-pic/LHE-01262/12626392-0-S.jpg?6
Kebab and Koftas;PK Beef Chapli Kebab 1050GM;Rs. 826;https://cdn.metro-online.pk/dashboard/prod-pic/LHE-01262/12624583-0-S.jpg?5
Kebab and Koftas;Mon Salwa Crispy Chicken Burger 18 Pieces;Rs. 660;https://cdn.metro-online.pk/dashboard/prod-pic/LHE-01262/12623642-0-S.jpg?5
Nuggets and Snacks;Simply Sufi Burger Patties 1000 GM;Rs. 871;https://cdn.metro-online.pk/dashboard/prod-pic/LHE-01262/12628275-0-S.jpg?
Nuggets and Snacks;Horeca Select Burger Patty Poly Pack 18PCS;Rs. 440;https://cdn.metro-online.pk/dashboard/prod-pic/LHE-01262/12624383-0-S.jpg?5
Nuggets and Snacks;Menu Nuggets Polypack 1KG;Rs. 431;https://cdn.metro-online.pk/dashboard/prod-pic/LHE-01262/12624766-0-S.jpg?5
Nuggets and Snacks;Simply Sufi Chicken Rollers 750 GM;Rs. 736;https://cdn.metro-online.pk/dashboard/prod-pic/LHE-01262/12628278-0-S.jpg?
Nuggets and Snacks;Mon Salwa 2KG Nug + 1KG Bp - 3KG;Rs. 1,188;https://cdn.metro-online.pk/dashboard/prod-pic/LHE-01262/12625260-0-S.jpg?5
Nuggets and Snacks;K&Ns Haray Nuggets Economy 1000GM;Rs. 731;https://cdn.metro-online.pk/dashboard/prod-pic/LHE-01262/12623687-0-S.jpg?5
Nuggets and Snacks;Dawn Poly Pack Nuggets 1 KG;Rs. 545;https://cdn.metro-online.pk/dashboard/prod-pic/LHE-01262/12628352-0-S.jpg?
Nuggets and Snacks;Simply Sufi Chicken Nuggets 270 GM;Rs. 275;https://cdn.metro-online.pk/dashboard/prod-pic/LHE-01262/12628300-0-S.jpg?
Nuggets and Snacks;K & Ns Quiche 600 GM;Rs. 591;https://cdn.metro-online.pk/dashboard/prod-pic/LHE-01262/12624956-0-S.jpg?5
Nuggets and Snacks;Simply Sufi Burger Patties 380 GM;Rs. 350;https://cdn.metro-online.pk/dashboard/prod-pic/LHE-01262/12628291-0-S.jpg?
Nuggets and Snacks;Simply Sufi Chicken Poppers 260 GM;Rs. 275;https://cdn.metro-online.pk/dashboard/prod-pic/LHE-01262/12628306-0-S.jpg?
Nuggets and Snacks;Fine LiFe haray Nuggets 1000 GM;Rs. 455;https://cdn.metro-online.pk/dashboard/prod-pic/LHE-01262/12623610-0-S.jpg?5
Nuggets and Snacks;Mon Salwa Crispy Burger Patty 990GM;Rs. 485;https://cdn.metro-online.pk/dashboard/prod-pic/LHE-01262/12631421-0-S.jpg?
Nuggets and Snacks;Metro Chef Chicken Bites 780GM;Rs. 470;https://cdn.metro-online.pk/dashboard/prod-pic/LHE-01262/12631461-0-S.jpg?3
Nuggets and Snacks;Fine Life Chicken Strips 500 GM;Rs. 336;https://cdn.metro-online.pk/dashboard/prod-pic/LHE-01262/12623617-0-S.jpg?5
Nuggets and Snacks;Mon Salwa Nuggets Poly Pack 1 KG;Rs. 445;https://cdn.metro-online.pk/dashboard/prod-pic/LHE-01262/12628351-0-S.jpg?
Nuggets and Snacks;Dawn PP Crispy Fillet 500 GM;Rs. 436;https://cdn.metro-online.pk/dashboard/prod-pic/LHE-01262/12628553-0-S.jpg?
Nuggets and Snacks;K&N Tender Pops FP 1326 GM;Rs. 1,195;https://cdn.metro-online.pk/dashboard/prod-pic/LHE-01262/12628354-0-S.jpg?
Nuggets and Snacks;K&N's Chicken Tender Pop 780GM;Rs. 699;https://cdn.metro-online.pk/dashboard/prod-pic/LHE-01262/12623679-0-S.jpg?5
Nuggets and Snacks;K&N’s Burger Patties 1000 GM;Rs. 731;https://cdn.metro-online.pk/dashboard/prod-pic/LHE-01262/12623675-0-S.jpg?5
Nuggets and Snacks;K&N's Tikka Chunks Economy Pack 700GM;Rs. 716;https://cdn.metro-online.pk/dashboard/prod-pic/LHE-01262/12623683-0-S.jpg?5
Nuggets and Snacks;Simply Sufi Chicken Tenders 225 GM;Rs. 270;https://cdn.metro-online.pk/dashboard/prod-pic/LHE-01262/12628290-0-S.jpg?
Nuggets and Snacks;K&N's Nuggets Economy 1000GM;Rs. 723;https://cdn.metro-online.pk/dashboard/prod-pic/LHE-01262/12623688-0-S.jpg?5
Nuggets and Snacks;K & N's Chicken Tempura 660GM;Rs. 731;https://cdn.metro-online.pk/dashboard/prod-pic/LHE-01262/12623685-0-S.jpg?5
Nuggets and Snacks;K & N's Chicken Corquettes 1000GM;Rs. 731;https://cdn.metro-online.pk/dashboard/prod-pic/LHE-01262/12623684-0-S.jpg?5
Nuggets and Snacks;Combo Wings 850GM;Rs. 691;https://cdn.metro-online.pk/dashboard/prod-pic/LHE-01262/12623682-0-S.jpg?5
Nuggets and Snacks;K&N's Fun Nuggets Economy 795GM;Rs. 650;https://cdn.metro-online.pk/dashboard/prod-pic/LHE-01262/12623680-0-S.jpg?5
Nuggets and Snacks;K & Ns Nuggets Family Pack 1700 GM;Rs. 1,226;https://cdn.metro-online.pk/dashboard/prod-pic/LHE-01262/12623668-0-S.jpg?5
Nuggets and Snacks;Menu Burger Patti Poly Pack 1KG;Rs. 521;https://cdn.metro-online.pk/dashboard/prod-pic/LHE-01262/12624767-0-S.jpg?5
Nuggets and Snacks;Dawn Chicken Hot Shots Economy Pack;Rs. 706;https://cdn.metro-online.pk/dashboard/prod-pic/LHE-01262/12624346-0-S.jpg?5
Nuggets and Snacks;Sufi Chicken Tenders 675GM;Rs. 745;https://cdn.metro-online.pk/dashboard/prod-pic/LHE-01262/12624019-0-S.jpg?11
Nuggets and Snacks;Menu Promo Pack (Nuggets + Patty);Rs. 859;https://cdn.metro-online.pk/dashboard/prod-pic/LHE-01262/12625259-0-S.jpg?5
Nuggets and Snacks;Dawn Chicken Crispy Fillet 4PCS;Rs. 601;https://cdn.metro-online.pk/dashboard/prod-pic/LHE-01262/12624347-0-S.jpg?5
Nuggets and Snacks;Big Bird Classic Burger Patties 960G;Rs. 714;https://cdn.metro-online.pk/dashboard/prod-pic/LHE-01262/12623834-0-S.jpg?5
Nuggets and Snacks;Sabroso Burger Patty 1KG;Rs. 750;https://cdn.metro-online.pk/dashboard/prod-pic/LHE-01262/12626388-0-S.jpg?6
Nuggets and Snacks;Menu Chicken Hand Crafted Tenders 500GM;Rs. 551;https://cdn.metro-online.pk/dashboard/prod-pic/LHE-01262/12624358-0-S.jpg?5
Nuggets and Snacks;Simply Sufi Cheese Balls 270 GM;Rs. 426;https://cdn.metro-online.pk/dashboard/prod-pic/LHE-01262/12628277-0-S.jpg?
Nuggets and Snacks;Menu Burger Patty 1KG;Rs. 610;https://cdn.metro-online.pk/dashboard/prod-pic/LHE-01262/12624384-0-S.jpg?5
Nuggets and Snacks;PK School Nuggets 800GM;Rs. 650;https://cdn.metro-online.pk/dashboard/prod-pic/LHE-01262/12624901-0-S.jpg?5
Nuggets and Snacks;PK Potato Cutlets 12PCS;Rs. 281;https://cdn.metro-online.pk/dashboard/prod-pic/LHE-01262/12624902-0-S.jpg?5
Nuggets and Snacks;Dawn Chicken Nuggets Economy 1000 GM;Rs. 731;https://cdn.metro-online.pk/dashboard/prod-pic/LHE-01262/12623782-0-S.jpg?5
Nuggets and Snacks;Menu Pop Corn Chicken 780GM;Rs. 708;https://cdn.metro-online.pk/dashboard/prod-pic/LHE-01262/12623648-0-S.jpg?5
Nuggets and Snacks;Simply Sufi Zinger Patties 5 Pcs;Rs. 755;https://cdn.metro-online.pk/dashboard/prod-pic/LHE-01262/12628289-0-S.jpg?
Nuggets and Snacks;Dawn Zoo Woo Chicken Nugget 790GM;Rs. 645;https://cdn.metro-online.pk/dashboard/prod-pic/LHE-01262/12624350-0-S.jpg?5
Nuggets and Snacks;PK Chicken Popcorn 900 GM;Rs. 680;https://cdn.metro-online.pk/dashboard/prod-pic/LHE-01262/12624120-0-S.jpg?5
Nuggets and Snacks;Mon Salwa Chicken Fries 425G;Rs. 448;https://cdn.metro-online.pk/dashboard/prod-pic/LHE-01262/12623637-0-S.jpg?5
Nuggets and Snacks;K &Ns Fun Nuggets Family Pack 1500 GM;Rs. 1,205;https://cdn.metro-online.pk/dashboard/prod-pic/LHE-01262/12623665-0-S.jpg?5
Nuggets and Snacks;Mon Salwa Chicken Fries 500GM;Rs. 431;https://cdn.metro-online.pk/dashboard/prod-pic/LHE-01262/12624380-0-S.jpg?5
Nuggets and Snacks;Simply Sufi Space Nuggets 800 GM;Rs. 675;https://cdn.metro-online.pk/dashboard/prod-pic/LHE-01262/12628286-0-S.jpg?
Nuggets and Snacks;PK Chicken Nuggets 900 GM;Rs. 655;https://cdn.metro-online.pk/dashboard/prod-pic/LHE-01262/12624021-0-S.jpg?5
Nuggets and Snacks;Sabroso Chicken Donut 1KG;Rs. 630;https://cdn.metro-online.pk/dashboard/prod-pic/LHE-01262/12626385-0-S.jpg?6
Nuggets and Snacks;Sabroso Nuggets 1KG;Rs. 606;https://cdn.metro-online.pk/dashboard/prod-pic/LHE-01262/12626382-0-S.jpg?6
Nuggets and Snacks;Simply Sufi Poppers 780 GM;Rs. 706;https://cdn.metro-online.pk/dashboard/prod-pic/LHE-01262/12627480-0-S.jpg?
Nuggets and Snacks;Menu Chicken Tempura 510GM;Rs. 557;https://cdn.metro-online.pk/dashboard/prod-pic/LHE-01262/12623652-0-S.jpg?5
Nuggets and Snacks;Menu Chicken Nuggets 1000GM;Rs. 729;https://cdn.metro-online.pk/dashboard/prod-pic/LHE-01262/12623649-0-S.jpg?5
Nuggets and Snacks;Crispy Chicken Shots 680 GM;Rs. 615;https://cdn.metro-online.pk/dashboard/prod-pic/LHE-01262/12623640-0-S.jpg?5
Nuggets and Snacks;Big Bird Tempura Chicken Nugget 800G;Rs. 642;https://cdn.metro-online.pk/dashboard/prod-pic/LHE-01262/12623693-0-S.jpg?5
Nuggets and Snacks;Horeca Select Nuggets Polypack 1KG;Rs. 476;https://cdn.metro-online.pk/dashboard/prod-pic/LHE-01262/12624382-0-S.jpg?5
Nuggets and Snacks;Menu Crispy Fillet 565GM;Rs. 616;https://cdn.metro-online.pk/dashboard/prod-pic/LHE-01262/12624357-0-S.jpg?5
Nuggets and Snacks;Sabroso Aqua Buddies 1KG;Rs. 711;https://cdn.metro-online.pk/dashboard/prod-pic/LHE-01262/12626395-0-S.jpg?7
Nuggets and Snacks;Menu Chicken Burger Patties 18PCS;Rs. 702;https://cdn.metro-online.pk/dashboard/prod-pic/LHE-01262/12623650-0-S.jpg?5
Nuggets and Snacks;Metro Chef Chicken Haray Nuggets 1000GM;Rs. 499;https://cdn.metro-online.pk/dashboard/prod-pic/LHE-01262/12631515-0-S.jpg?
Nuggets and Snacks;Metro Chef Chicken Tempura Nuggets;Rs. 608;https://cdn.metro-online.pk/dashboard/prod-pic/LHE-01262/12631520-0-S.jpg?
Nuggets and Snacks;Fine Life Chicken Nuggets 1000 GM;Rs. 429;https://cdn.metro-online.pk/dashboard/prod-pic/LHE-01262/12623608-0-S.jpg?5
Nuggets and Snacks;METRO Chef Crispy Patties 1 KG;Rs. 513;https://cdn.metro-online.pk/dashboard/prod-pic/LHE-01262/12627691-0-S.jpg?
Nuggets and Snacks;Borges Pasta Assorted 500 GM;Rs. 275;https://cdn.metro-online.pk/dashboard/prod-pic/LHE-01262/12627484-0-S.jpg?
Nuggets and Snacks;Menu Raw Chicken Patty 800GM;Rs. 422;https://cdn.metro-online.pk/dashboard/prod-pic/LHE-01262/12624855-0-S.jpg?5
Nuggets and Snacks;K & N's Patteze Box 280GM;Rs. 340;https://cdn.metro-online.pk/dashboard/prod-pic/LHE-01262/12624714-0-S.jpg?5
Nuggets and Snacks;K&N Deline Breakfast Sausage 720 GM;Rs. 655;https://cdn.metro-online.pk/dashboard/prod-pic/LHE-01262/12623892-0-S.jpg?5
Nuggets and Snacks;Menu Chuggets 600 GM;Rs. 530;https://cdn.metro-online.pk/dashboard/prod-pic/LHE-01262/12623661-0-S.jpg?5
Nuggets and Snacks;Mon Salwa Wonder Balls 375G;Rs. 411;https://cdn.metro-online.pk/dashboard/prod-pic/LHE-01262/12623641-0-S.jpg?5
Nuggets and Snacks;Mon Salwa Chicken Nuggets 900GM;Rs. 645;https://cdn.metro-online.pk/dashboard/prod-pic/LHE-01262/12623635-0-S.jpg?5
Nuggets and Snacks;Fine Life Burger Patty 355 GM;Rs. 159;https://cdn.metro-online.pk/dashboard/prod-pic/LHE-01262/12623619-0-S.jpg?5
Nuggets and Snacks;Fine Life Chicken Bites 780 GM;Rs. 497;https://cdn.metro-online.pk/dashboard/prod-pic/LHE-01262/12623611-0-S.jpg?5
